username1@gmail.com,passworD@1
username2@gmail.com,passworD@2
username3@gmail.com,passworD@3
username4@gmail.com,passworD@4
username5@gmail.com,passworD@5
username6@gmail.com,passworD@6
username7@gmail.com,passworD@7
username8@gmail.com,passworD@8
username9@gmail.com,passworD@9
username10@gmail.com,passworD@10
username11@gmail.com,passworD@11
username12@gmail.com,passworD@12
username13@gmail.com,passworD@13
username14@gmail.com,passworD@14
username15@gmail.com,passworD@15
username16@gmail.com,passworD@16
username17@gmail.com,passworD@17
username18@gmail.com,passworD@18
username19@gmail.com,passworD@19
username20@gmail.com,passworD@20
username21@gmail.com,passworD@21
username22@gmail.com,passworD@22
username23@gmail.com,passworD@23
username24@gmail.com,passworD@24
username25@gmail.com,passworD@25
username26@gmail.com,passworD@26
username27@gmail.com,passworD@27
username28@gmail.com,passworD@28
username29@gmail.com,passworD@29
username30@gmail.com,passworD@30
username31@gmail.com,passworD@31
username32@gmail.com,passworD@32
username33@gmail.com,passworD@33
username34@gmail.com,passworD@34
username35@gmail.com,passworD@35
username36@gmail.com,passworD@36
username37@gmail.com,passworD@37
username38@gmail.com,passworD@38
username39@gmail.com,passworD@39
username40@gmail.com,passworD@40
username41@gmail.com,passworD@41
username42@gmail.com,passworD@42
username43@gmail.com,passworD@43
username44@gmail.com,passworD@44
username45@gmail.com,passworD@45
username46@gmail.com,passworD@46
username47@gmail.com,passworD@47
username48@gmail.com,passworD@48
username49@gmail.com,passworD@49
username50@gmail.com,passworD@50
username51@gmail.com,passworD@51
username52@gmail.com,passworD@52
username53@gmail.com,passworD@53
username54@gmail.com,passworD@54
username55@gmail.com,passworD@55
username56@gmail.com,passworD@56
username57@gmail.com,passworD@57
username58@gmail.com,passworD@58
username59@gmail.com,passworD@59
username60@gmail.com,passworD@60
username61@gmail.com,passworD@61
username62@gmail.com,passworD@62
username63@gmail.com,passworD@63
username64@gmail.com,passworD@64
username65@gmail.com,passworD@65
username66@gmail.com,passworD@66
username67@gmail.com,passworD@67
username68@gmail.com,passworD@68
username69@gmail.com,passworD@69
username70@gmail.com,passworD@70
username71@gmail.com,passworD@71
username72@gmail.com,passworD@72
username73@gmail.com,passworD@73
username74@gmail.com,passworD@74
username75@gmail.com,passworD@75
username76@gmail.com,passworD@76
username77@gmail.com,passworD@77
username78@gmail.com,passworD@78
username79@gmail.com,passworD@79
username80@gmail.com,passworD@80
username81@gmail.com,passworD@81
username82@gmail.com,passworD@82
username83@gmail.com,passworD@83
username84@gmail.com,passworD@84
username85@gmail.com,passworD@85
username86@gmail.com,passworD@86
username87@gmail.com,passworD@87
username88@gmail.com,passworD@88
username89@gmail.com,passworD@89
username90@gmail.com,passworD@90
username91@gmail.com,passworD@91
username92@gmail.com,passworD@92
username93@gmail.com,passworD@93
username94@gmail.com,passworD@94
username95@gmail.com,passworD@95
username96@gmail.com,passworD@96
username97@gmail.com,passworD@97
username98@gmail.com,passworD@98
username99@gmail.com,passworD@99
username100@gmail.com,passworD@100
username101@gmail.com,passworD@101
username102@gmail.com,passworD@102
username103@gmail.com,passworD@103
username104@gmail.com,passworD@104
username105@gmail.com,passworD@105
username106@gmail.com,passworD@106
username107@gmail.com,passworD@107
username108@gmail.com,passworD@108
username109@gmail.com,passworD@109
username110@gmail.com,passworD@110
username111@gmail.com,passworD@111
username112@gmail.com,passworD@112
username113@gmail.com,passworD@113
username114@gmail.com,passworD@114
username115@gmail.com,passworD@115
username116@gmail.com,passworD@116
username117@gmail.com,passworD@117
username118@gmail.com,passworD@118
username119@gmail.com,passworD@119
username120@gmail.com,passworD@120
username121@gmail.com,passworD@121
username122@gmail.com,passworD@122
username123@gmail.com,passworD@123
username124@gmail.com,passworD@124
username125@gmail.com,passworD@125
username126@gmail.com,passworD@126
username127@gmail.com,passworD@127
username128@gmail.com,passworD@128
username129@gmail.com,passworD@129
username130@gmail.com,passworD@130
username131@gmail.com,passworD@131
username132@gmail.com,passworD@132
username133@gmail.com,passworD@133
username134@gmail.com,passworD@134
username135@gmail.com,passworD@135
username136@gmail.com,passworD@136
username137@gmail.com,passworD@137
username138@gmail.com,passworD@138
username139@gmail.com,passworD@139
username140@gmail.com,passworD@140
username141@gmail.com,passworD@141
username142@gmail.com,passworD@142
username143@gmail.com,passworD@143
username144@gmail.com,passworD@144
username145@gmail.com,passworD@145
username146@gmail.com,passworD@146
username147@gmail.com,passworD@147
username148@gmail.com,passworD@148
username149@gmail.com,passworD@149
username150@gmail.com,passworD@150
username151@gmail.com,passworD@151
username152@gmail.com,passworD@152
username153@gmail.com,passworD@153
username154@gmail.com,passworD@154
username155@gmail.com,passworD@155
username156@gmail.com,passworD@156
username157@gmail.com,passworD@157
username158@gmail.com,passworD@158
username159@gmail.com,passworD@159
username160@gmail.com,passworD@160
username161@gmail.com,passworD@161
username162@gmail.com,passworD@162
username163@gmail.com,passworD@163
username164@gmail.com,passworD@164
username165@gmail.com,passworD@165
username166@gmail.com,passworD@166
username167@gmail.com,passworD@167
username168@gmail.com,passworD@168
username169@gmail.com,passworD@169
username170@gmail.com,passworD@170
username171@gmail.com,passworD@171
username172@gmail.com,passworD@172
username173@gmail.com,passworD@173
username174@gmail.com,passworD@174
username175@gmail.com,passworD@175
username176@gmail.com,passworD@176
username177@gmail.com,passworD@177
username178@gmail.com,passworD@178
username179@gmail.com,passworD@179
username180@gmail.com,passworD@180
username181@gmail.com,passworD@181
username182@gmail.com,passworD@182
username183@gmail.com,passworD@183
username184@gmail.com,passworD@184
username185@gmail.com,passworD@185
username186@gmail.com,passworD@186
username187@gmail.com,passworD@187
username188@gmail.com,passworD@188
username189@gmail.com,passworD@189
username190@gmail.com,passworD@190
username191@gmail.com,passworD@191
username192@gmail.com,passworD@192
username193@gmail.com,passworD@193
username194@gmail.com,passworD@194
username195@gmail.com,passworD@195
username196@gmail.com,passworD@196
username197@gmail.com,passworD@197
username198@gmail.com,passworD@198
username199@gmail.com,passworD@199
username200@gmail.com,passworD@200
username201@gmail.com,passworD@201
username202@gmail.com,passworD@202
username203@gmail.com,passworD@203
username204@gmail.com,passworD@204
username205@gmail.com,passworD@205
username206@gmail.com,passworD@206
username207@gmail.com,passworD@207
username208@gmail.com,passworD@208
username209@gmail.com,passworD@209
username210@gmail.com,passworD@210
username211@gmail.com,passworD@211
username212@gmail.com,passworD@212
username213@gmail.com,passworD@213
username214@gmail.com,passworD@214
username215@gmail.com,passworD@215
username216@gmail.com,passworD@216
username217@gmail.com,passworD@217
username218@gmail.com,passworD@218
username219@gmail.com,passworD@219
username220@gmail.com,passworD@220
username221@gmail.com,passworD@221
username222@gmail.com,passworD@222
username223@gmail.com,passworD@223
username224@gmail.com,passworD@224
username225@gmail.com,passworD@225
username226@gmail.com,passworD@226
username227@gmail.com,passworD@227
username228@gmail.com,passworD@228
username229@gmail.com,passworD@229
username230@gmail.com,passworD@230
username231@gmail.com,passworD@231
username232@gmail.com,passworD@232
username233@gmail.com,passworD@233
username234@gmail.com,passworD@234
username235@gmail.com,passworD@235
username236@gmail.com,passworD@236
username237@gmail.com,passworD@237
username238@gmail.com,passworD@238
username239@gmail.com,passworD@239
username240@gmail.com,passworD@240
username241@gmail.com,passworD@241
username242@gmail.com,passworD@242
username243@gmail.com,passworD@243
username244@gmail.com,passworD@244
username245@gmail.com,passworD@245
username246@gmail.com,passworD@246
username247@gmail.com,passworD@247
username248@gmail.com,passworD@248
username249@gmail.com,passworD@249
username250@gmail.com,passworD@250
username251@gmail.com,passworD@251
username252@gmail.com,passworD@252
username253@gmail.com,passworD@253
username254@gmail.com,passworD@254
username255@gmail.com,passworD@255
username256@gmail.com,passworD@256
username257@gmail.com,passworD@257
username258@gmail.com,passworD@258
username259@gmail.com,passworD@259
username260@gmail.com,passworD@260
username261@gmail.com,passworD@261
username262@gmail.com,passworD@262
username263@gmail.com,passworD@263
username264@gmail.com,passworD@264
username265@gmail.com,passworD@265
username266@gmail.com,passworD@266
username267@gmail.com,passworD@267
username268@gmail.com,passworD@268
username269@gmail.com,passworD@269
username270@gmail.com,passworD@270
username271@gmail.com,passworD@271
username272@gmail.com,passworD@272
username273@gmail.com,passworD@273
username274@gmail.com,passworD@274
username275@gmail.com,passworD@275
username276@gmail.com,passworD@276
username277@gmail.com,passworD@277
username278@gmail.com,passworD@278
username279@gmail.com,passworD@279
username280@gmail.com,passworD@280
username281@gmail.com,passworD@281
username282@gmail.com,passworD@282
username283@gmail.com,passworD@283
username284@gmail.com,passworD@284
username285@gmail.com,passworD@285
username286@gmail.com,passworD@286
username287@gmail.com,passworD@287
username288@gmail.com,passworD@288
username289@gmail.com,passworD@289
username290@gmail.com,passworD@290
username291@gmail.com,passworD@291
username292@gmail.com,passworD@292
username293@gmail.com,passworD@293
username294@gmail.com,passworD@294
username295@gmail.com,passworD@295
username296@gmail.com,passworD@296
username297@gmail.com,passworD@297
username298@gmail.com,passworD@298
username299@gmail.com,passworD@299
username300@gmail.com,passworD@300
username301@gmail.com,passworD@301
username302@gmail.com,passworD@302
username303@gmail.com,passworD@303
username304@gmail.com,passworD@304
username305@gmail.com,passworD@305
username306@gmail.com,passworD@306
username307@gmail.com,passworD@307
username308@gmail.com,passworD@308
username309@gmail.com,passworD@309
username310@gmail.com,passworD@310
username311@gmail.com,passworD@311
username312@gmail.com,passworD@312
username313@gmail.com,passworD@313
username314@gmail.com,passworD@314
username315@gmail.com,passworD@315
username316@gmail.com,passworD@316
username317@gmail.com,passworD@317
username318@gmail.com,passworD@318
username319@gmail.com,passworD@319
username320@gmail.com,passworD@320
username321@gmail.com,passworD@321
username322@gmail.com,passworD@322
username323@gmail.com,passworD@323
username324@gmail.com,passworD@324
username325@gmail.com,passworD@325
username326@gmail.com,passworD@326
username327@gmail.com,passworD@327
username328@gmail.com,passworD@328
username329@gmail.com,passworD@329
username330@gmail.com,passworD@330
username331@gmail.com,passworD@331
username332@gmail.com,passworD@332
username333@gmail.com,passworD@333
username334@gmail.com,passworD@334
username335@gmail.com,passworD@335
username336@gmail.com,passworD@336
username337@gmail.com,passworD@337
username338@gmail.com,passworD@338
username339@gmail.com,passworD@339
username340@gmail.com,passworD@340
username341@gmail.com,passworD@341
username342@gmail.com,passworD@342
username343@gmail.com,passworD@343
username344@gmail.com,passworD@344
username345@gmail.com,passworD@345
username346@gmail.com,passworD@346
username347@gmail.com,passworD@347
username348@gmail.com,passworD@348
username349@gmail.com,passworD@349
username350@gmail.com,passworD@350
username351@gmail.com,passworD@351
username352@gmail.com,passworD@352
username353@gmail.com,passworD@353
username354@gmail.com,passworD@354
username355@gmail.com,passworD@355
username356@gmail.com,passworD@356
username357@gmail.com,passworD@357
username358@gmail.com,passworD@358
username359@gmail.com,passworD@359
username360@gmail.com,passworD@360
username361@gmail.com,passworD@361
username362@gmail.com,passworD@362
username363@gmail.com,passworD@363
username364@gmail.com,passworD@364
username365@gmail.com,passworD@365
username366@gmail.com,passworD@366
username367@gmail.com,passworD@367
username368@gmail.com,passworD@368
username369@gmail.com,passworD@369
username370@gmail.com,passworD@370
username371@gmail.com,passworD@371
username372@gmail.com,passworD@372
username373@gmail.com,passworD@373
username374@gmail.com,passworD@374
username375@gmail.com,passworD@375
username376@gmail.com,passworD@376
username377@gmail.com,passworD@377
username378@gmail.com,passworD@378
username379@gmail.com,passworD@379
username380@gmail.com,passworD@380
username381@gmail.com,passworD@381
username382@gmail.com,passworD@382
username383@gmail.com,passworD@383
username384@gmail.com,passworD@384
username385@gmail.com,passworD@385
username386@gmail.com,passworD@386
username387@gmail.com,passworD@387
username388@gmail.com,passworD@388
username389@gmail.com,passworD@389
username390@gmail.com,passworD@390
username391@gmail.com,passworD@391
username392@gmail.com,passworD@392
username393@gmail.com,passworD@393
username394@gmail.com,passworD@394
username395@gmail.com,passworD@395
username396@gmail.com,passworD@396
username397@gmail.com,passworD@397
username398@gmail.com,passworD@398
username399@gmail.com,passworD@399
username400@gmail.com,passworD@400
username401@gmail.com,passworD@401
username402@gmail.com,passworD@402
username403@gmail.com,passworD@403
username404@gmail.com,passworD@404
username405@gmail.com,passworD@405
username406@gmail.com,passworD@406
username407@gmail.com,passworD@407
username408@gmail.com,passworD@408
username409@gmail.com,passworD@409
username410@gmail.com,passworD@410
username411@gmail.com,passworD@411
username412@gmail.com,passworD@412
username413@gmail.com,passworD@413
username414@gmail.com,passworD@414
username415@gmail.com,passworD@415
username416@gmail.com,passworD@416
username417@gmail.com,passworD@417
username418@gmail.com,passworD@418
username419@gmail.com,passworD@419
username420@gmail.com,passworD@420
username421@gmail.com,passworD@421
username422@gmail.com,passworD@422
username423@gmail.com,passworD@423
username424@gmail.com,passworD@424
username425@gmail.com,passworD@425
username426@gmail.com,passworD@426
username427@gmail.com,passworD@427
username428@gmail.com,passworD@428
username429@gmail.com,passworD@429
username430@gmail.com,passworD@430
username431@gmail.com,passworD@431
username432@gmail.com,passworD@432
username433@gmail.com,passworD@433
username434@gmail.com,passworD@434
username435@gmail.com,passworD@435
username436@gmail.com,passworD@436
username437@gmail.com,passworD@437
username438@gmail.com,passworD@438
username439@gmail.com,passworD@439
username440@gmail.com,passworD@440
username441@gmail.com,passworD@441
username442@gmail.com,passworD@442
username443@gmail.com,passworD@443
username444@gmail.com,passworD@444
username445@gmail.com,passworD@445
username446@gmail.com,passworD@446
username447@gmail.com,passworD@447
username448@gmail.com,passworD@448
username449@gmail.com,passworD@449
username450@gmail.com,passworD@450
username451@gmail.com,passworD@451
username452@gmail.com,passworD@452
username453@gmail.com,passworD@453
username454@gmail.com,passworD@454
username455@gmail.com,passworD@455
username456@gmail.com,passworD@456
username457@gmail.com,passworD@457
username458@gmail.com,passworD@458
username459@gmail.com,passworD@459
username460@gmail.com,passworD@460
username461@gmail.com,passworD@461
username462@gmail.com,passworD@462
username463@gmail.com,passworD@463
username464@gmail.com,passworD@464
username465@gmail.com,passworD@465
username466@gmail.com,passworD@466
username467@gmail.com,passworD@467
username468@gmail.com,passworD@468
username469@gmail.com,passworD@469
username470@gmail.com,passworD@470
username471@gmail.com,passworD@471
username472@gmail.com,passworD@472
username473@gmail.com,passworD@473
username474@gmail.com,passworD@474
username475@gmail.com,passworD@475
username476@gmail.com,passworD@476
username477@gmail.com,passworD@477
username478@gmail.com,passworD@478
username479@gmail.com,passworD@479
username480@gmail.com,passworD@480
username481@gmail.com,passworD@481
username482@gmail.com,passworD@482
username483@gmail.com,passworD@483
username484@gmail.com,passworD@484
username485@gmail.com,passworD@485
username486@gmail.com,passworD@486
username487@gmail.com,passworD@487
username488@gmail.com,passworD@488
username489@gmail.com,passworD@489
username490@gmail.com,passworD@490
username491@gmail.com,passworD@491
username492@gmail.com,passworD@492
username493@gmail.com,passworD@493
username494@gmail.com,passworD@494
username495@gmail.com,passworD@495
username496@gmail.com,passworD@496
username497@gmail.com,passworD@497
username498@gmail.com,passworD@498
username499@gmail.com,passworD@499
username500@gmail.com,passworD@500
username501@gmail.com,passworD@501
username502@gmail.com,passworD@502
username503@gmail.com,passworD@503
username504@gmail.com,passworD@504
username505@gmail.com,passworD@505
username506@gmail.com,passworD@506
username507@gmail.com,passworD@507
username508@gmail.com,passworD@508
username509@gmail.com,passworD@509
username510@gmail.com,passworD@510
username511@gmail.com,passworD@511
username512@gmail.com,passworD@512
username513@gmail.com,passworD@513
username514@gmail.com,passworD@514
username515@gmail.com,passworD@515
username516@gmail.com,passworD@516
username517@gmail.com,passworD@517
username518@gmail.com,passworD@518
username519@gmail.com,passworD@519
username520@gmail.com,passworD@520
username521@gmail.com,passworD@521
username522@gmail.com,passworD@522
username523@gmail.com,passworD@523
username524@gmail.com,passworD@524
username525@gmail.com,passworD@525
username526@gmail.com,passworD@526
username527@gmail.com,passworD@527
username528@gmail.com,passworD@528
username529@gmail.com,passworD@529
username530@gmail.com,passworD@530
username531@gmail.com,passworD@531
username532@gmail.com,passworD@532
username533@gmail.com,passworD@533
username534@gmail.com,passworD@534
username535@gmail.com,passworD@535
username536@gmail.com,passworD@536
username537@gmail.com,passworD@537
username538@gmail.com,passworD@538
username539@gmail.com,passworD@539
username540@gmail.com,passworD@540
username541@gmail.com,passworD@541
username542@gmail.com,passworD@542
username543@gmail.com,passworD@543
username544@gmail.com,passworD@544
username545@gmail.com,passworD@545
username546@gmail.com,passworD@546
username547@gmail.com,passworD@547
username548@gmail.com,passworD@548
username549@gmail.com,passworD@549
username550@gmail.com,passworD@550
username551@gmail.com,passworD@551
username552@gmail.com,passworD@552
username553@gmail.com,passworD@553
username554@gmail.com,passworD@554
username555@gmail.com,passworD@555
username556@gmail.com,passworD@556
username557@gmail.com,passworD@557
username558@gmail.com,passworD@558
username559@gmail.com,passworD@559
username560@gmail.com,passworD@560
username561@gmail.com,passworD@561
username562@gmail.com,passworD@562
username563@gmail.com,passworD@563
username564@gmail.com,passworD@564
username565@gmail.com,passworD@565
username566@gmail.com,passworD@566
username567@gmail.com,passworD@567
username568@gmail.com,passworD@568
username569@gmail.com,passworD@569
username570@gmail.com,passworD@570
username571@gmail.com,passworD@571
username572@gmail.com,passworD@572
username573@gmail.com,passworD@573
username574@gmail.com,passworD@574
username575@gmail.com,passworD@575
username576@gmail.com,passworD@576
username577@gmail.com,passworD@577
username578@gmail.com,passworD@578
username579@gmail.com,passworD@579
username580@gmail.com,passworD@580
username581@gmail.com,passworD@581
username582@gmail.com,passworD@582
username583@gmail.com,passworD@583
username584@gmail.com,passworD@584
username585@gmail.com,passworD@585
username586@gmail.com,passworD@586
username587@gmail.com,passworD@587
username588@gmail.com,passworD@588
username589@gmail.com,passworD@589
username590@gmail.com,passworD@590
username591@gmail.com,passworD@591
username592@gmail.com,passworD@592
username593@gmail.com,passworD@593
username594@gmail.com,passworD@594
username595@gmail.com,passworD@595
username596@gmail.com,passworD@596
username597@gmail.com,passworD@597
username598@gmail.com,passworD@598
username599@gmail.com,passworD@599
username600@gmail.com,passworD@600
username601@gmail.com,passworD@601
username602@gmail.com,passworD@602
username603@gmail.com,passworD@603
username604@gmail.com,passworD@604
username605@gmail.com,passworD@605
username606@gmail.com,passworD@606
username607@gmail.com,passworD@607
username608@gmail.com,passworD@608
username609@gmail.com,passworD@609
username610@gmail.com,passworD@610
username611@gmail.com,passworD@611
username612@gmail.com,passworD@612
username613@gmail.com,passworD@613
username614@gmail.com,passworD@614
username615@gmail.com,passworD@615
username616@gmail.com,passworD@616
username617@gmail.com,passworD@617
username618@gmail.com,passworD@618
username619@gmail.com,passworD@619
username620@gmail.com,passworD@620
username621@gmail.com,passworD@621
username622@gmail.com,passworD@622
username623@gmail.com,passworD@623
username624@gmail.com,passworD@624
username625@gmail.com,passworD@625
username626@gmail.com,passworD@626
username627@gmail.com,passworD@627
username628@gmail.com,passworD@628
username629@gmail.com,passworD@629
username630@gmail.com,passworD@630
username631@gmail.com,passworD@631
username632@gmail.com,passworD@632
username633@gmail.com,passworD@633
username634@gmail.com,passworD@634
username635@gmail.com,passworD@635
username636@gmail.com,passworD@636
username637@gmail.com,passworD@637
username638@gmail.com,passworD@638
username639@gmail.com,passworD@639
username640@gmail.com,passworD@640
username641@gmail.com,passworD@641
username642@gmail.com,passworD@642
username643@gmail.com,passworD@643
username644@gmail.com,passworD@644
username645@gmail.com,passworD@645
username646@gmail.com,passworD@646
username647@gmail.com,passworD@647
username648@gmail.com,passworD@648
username649@gmail.com,passworD@649
username650@gmail.com,passworD@650
username651@gmail.com,passworD@651
username652@gmail.com,passworD@652
username653@gmail.com,passworD@653
username654@gmail.com,passworD@654
username655@gmail.com,passworD@655
username656@gmail.com,passworD@656
username657@gmail.com,passworD@657
username658@gmail.com,passworD@658
username659@gmail.com,passworD@659
username660@gmail.com,passworD@660
username661@gmail.com,passworD@661
username662@gmail.com,passworD@662
username663@gmail.com,passworD@663
username664@gmail.com,passworD@664
username665@gmail.com,passworD@665
username666@gmail.com,passworD@666
username667@gmail.com,passworD@667
username668@gmail.com,passworD@668
username669@gmail.com,passworD@669
username670@gmail.com,passworD@670
username671@gmail.com,passworD@671
username672@gmail.com,passworD@672
username673@gmail.com,passworD@673
username674@gmail.com,passworD@674
username675@gmail.com,passworD@675
username676@gmail.com,passworD@676
username677@gmail.com,passworD@677
username678@gmail.com,passworD@678
username679@gmail.com,passworD@679
username680@gmail.com,passworD@680
username681@gmail.com,passworD@681
username682@gmail.com,passworD@682
username683@gmail.com,passworD@683
username684@gmail.com,passworD@684
username685@gmail.com,passworD@685
username686@gmail.com,passworD@686
username687@gmail.com,passworD@687
username688@gmail.com,passworD@688
username689@gmail.com,passworD@689
username690@gmail.com,passworD@690
username691@gmail.com,passworD@691
username692@gmail.com,passworD@692
username693@gmail.com,passworD@693
username694@gmail.com,passworD@694
username695@gmail.com,passworD@695
username696@gmail.com,passworD@696
username697@gmail.com,passworD@697
username698@gmail.com,passworD@698
username699@gmail.com,passworD@699
username700@gmail.com,passworD@700
username701@gmail.com,passworD@701
username702@gmail.com,passworD@702
username703@gmail.com,passworD@703
username704@gmail.com,passworD@704
username705@gmail.com,passworD@705
username706@gmail.com,passworD@706
username707@gmail.com,passworD@707
username708@gmail.com,passworD@708
username709@gmail.com,passworD@709
username710@gmail.com,passworD@710
username711@gmail.com,passworD@711
username712@gmail.com,passworD@712
username713@gmail.com,passworD@713
username714@gmail.com,passworD@714
username715@gmail.com,passworD@715
username716@gmail.com,passworD@716
username717@gmail.com,passworD@717
username718@gmail.com,passworD@718
username719@gmail.com,passworD@719
username720@gmail.com,passworD@720
username721@gmail.com,passworD@721
username722@gmail.com,passworD@722
username723@gmail.com,passworD@723
username724@gmail.com,passworD@724
username725@gmail.com,passworD@725
username726@gmail.com,passworD@726
username727@gmail.com,passworD@727
username728@gmail.com,passworD@728
username729@gmail.com,passworD@729
username730@gmail.com,passworD@730
username731@gmail.com,passworD@731
username732@gmail.com,passworD@732
username733@gmail.com,passworD@733
username734@gmail.com,passworD@734
username735@gmail.com,passworD@735
username736@gmail.com,passworD@736
username737@gmail.com,passworD@737
username738@gmail.com,passworD@738
username739@gmail.com,passworD@739
username740@gmail.com,passworD@740
username741@gmail.com,passworD@741
username742@gmail.com,passworD@742
username743@gmail.com,passworD@743
username744@gmail.com,passworD@744
username745@gmail.com,passworD@745
username746@gmail.com,passworD@746
username747@gmail.com,passworD@747
username748@gmail.com,passworD@748
username749@gmail.com,passworD@749
username750@gmail.com,passworD@750
username751@gmail.com,passworD@751
username752@gmail.com,passworD@752
username753@gmail.com,passworD@753
username754@gmail.com,passworD@754
username755@gmail.com,passworD@755
username756@gmail.com,passworD@756
username757@gmail.com,passworD@757
username758@gmail.com,passworD@758
username759@gmail.com,passworD@759
username760@gmail.com,passworD@760
username761@gmail.com,passworD@761
username762@gmail.com,passworD@762
username763@gmail.com,passworD@763
username764@gmail.com,passworD@764
username765@gmail.com,passworD@765
username766@gmail.com,passworD@766
username767@gmail.com,passworD@767
username768@gmail.com,passworD@768
username769@gmail.com,passworD@769
username770@gmail.com,passworD@770
username771@gmail.com,passworD@771
username772@gmail.com,passworD@772
username773@gmail.com,passworD@773
username774@gmail.com,passworD@774
username775@gmail.com,passworD@775
username776@gmail.com,passworD@776
username777@gmail.com,passworD@777
username778@gmail.com,passworD@778
username779@gmail.com,passworD@779
username780@gmail.com,passworD@780
username781@gmail.com,passworD@781
username782@gmail.com,passworD@782
username783@gmail.com,passworD@783
username784@gmail.com,passworD@784
username785@gmail.com,passworD@785
username786@gmail.com,passworD@786
username787@gmail.com,passworD@787
username788@gmail.com,passworD@788
username789@gmail.com,passworD@789
username790@gmail.com,passworD@790
username791@gmail.com,passworD@791
username792@gmail.com,passworD@792
username793@gmail.com,passworD@793
username794@gmail.com,passworD@794
username795@gmail.com,passworD@795
username796@gmail.com,passworD@796
username797@gmail.com,passworD@797
username798@gmail.com,passworD@798
username799@gmail.com,passworD@799
username800@gmail.com,passworD@800
username801@gmail.com,passworD@801
username802@gmail.com,passworD@802
username803@gmail.com,passworD@803
username804@gmail.com,passworD@804
username805@gmail.com,passworD@805
username806@gmail.com,passworD@806
username807@gmail.com,passworD@807
username808@gmail.com,passworD@808
username809@gmail.com,passworD@809
username810@gmail.com,passworD@810
username811@gmail.com,passworD@811
username812@gmail.com,passworD@812
username813@gmail.com,passworD@813
username814@gmail.com,passworD@814
username815@gmail.com,passworD@815
username816@gmail.com,passworD@816
username817@gmail.com,passworD@817
username818@gmail.com,passworD@818
username819@gmail.com,passworD@819
username820@gmail.com,passworD@820
username821@gmail.com,passworD@821
username822@gmail.com,passworD@822
username823@gmail.com,passworD@823
username824@gmail.com,passworD@824
username825@gmail.com,passworD@825
username826@gmail.com,passworD@826
username827@gmail.com,passworD@827
username828@gmail.com,passworD@828
username829@gmail.com,passworD@829
username830@gmail.com,passworD@830
username831@gmail.com,passworD@831
username832@gmail.com,passworD@832
username833@gmail.com,passworD@833
username834@gmail.com,passworD@834
username835@gmail.com,passworD@835
username836@gmail.com,passworD@836
username837@gmail.com,passworD@837
username838@gmail.com,passworD@838
username839@gmail.com,passworD@839
username840@gmail.com,passworD@840
username841@gmail.com,passworD@841
username842@gmail.com,passworD@842
username843@gmail.com,passworD@843
username844@gmail.com,passworD@844
username845@gmail.com,passworD@845
username846@gmail.com,passworD@846
username847@gmail.com,passworD@847
username848@gmail.com,passworD@848
username849@gmail.com,passworD@849
username850@gmail.com,passworD@850
username851@gmail.com,passworD@851
username852@gmail.com,passworD@852
username853@gmail.com,passworD@853
username854@gmail.com,passworD@854
username855@gmail.com,passworD@855
username856@gmail.com,passworD@856
username857@gmail.com,passworD@857
username858@gmail.com,passworD@858
username859@gmail.com,passworD@859
username860@gmail.com,passworD@860
username861@gmail.com,passworD@861
username862@gmail.com,passworD@862
username863@gmail.com,passworD@863
username864@gmail.com,passworD@864
username865@gmail.com,passworD@865
username866@gmail.com,passworD@866
username867@gmail.com,passworD@867
username868@gmail.com,passworD@868
username869@gmail.com,passworD@869
username870@gmail.com,passworD@870
username871@gmail.com,passworD@871
username872@gmail.com,passworD@872
username873@gmail.com,passworD@873
username874@gmail.com,passworD@874
username875@gmail.com,passworD@875
username876@gmail.com,passworD@876
username877@gmail.com,passworD@877
username878@gmail.com,passworD@878
username879@gmail.com,passworD@879
username880@gmail.com,passworD@880
username881@gmail.com,passworD@881
username882@gmail.com,passworD@882
username883@gmail.com,passworD@883
username884@gmail.com,passworD@884
username885@gmail.com,passworD@885
username886@gmail.com,passworD@886
username887@gmail.com,passworD@887
username888@gmail.com,passworD@888
username889@gmail.com,passworD@889
username890@gmail.com,passworD@890
username891@gmail.com,passworD@891
username892@gmail.com,passworD@892
username893@gmail.com,passworD@893
username894@gmail.com,passworD@894
username895@gmail.com,passworD@895
username896@gmail.com,passworD@896
username897@gmail.com,passworD@897
username898@gmail.com,passworD@898
username899@gmail.com,passworD@899
username900@gmail.com,passworD@900
username901@gmail.com,passworD@901
username902@gmail.com,passworD@902
username903@gmail.com,passworD@903
username904@gmail.com,passworD@904
username905@gmail.com,passworD@905
username906@gmail.com,passworD@906
username907@gmail.com,passworD@907
username908@gmail.com,passworD@908
username909@gmail.com,passworD@909
username910@gmail.com,passworD@910
username911@gmail.com,passworD@911
username912@gmail.com,passworD@912
username913@gmail.com,passworD@913
username914@gmail.com,passworD@914
username915@gmail.com,passworD@915
username916@gmail.com,passworD@916
username917@gmail.com,passworD@917
username918@gmail.com,passworD@918
username919@gmail.com,passworD@919
username920@gmail.com,passworD@920
username921@gmail.com,passworD@921
username922@gmail.com,passworD@922
username923@gmail.com,passworD@923
username924@gmail.com,passworD@924
username925@gmail.com,passworD@925
username926@gmail.com,passworD@926
username927@gmail.com,passworD@927
username928@gmail.com,passworD@928
username929@gmail.com,passworD@929
username930@gmail.com,passworD@930
username931@gmail.com,passworD@931
username932@gmail.com,passworD@932
username933@gmail.com,passworD@933
username934@gmail.com,passworD@934
username935@gmail.com,passworD@935
username936@gmail.com,passworD@936
username937@gmail.com,passworD@937
username938@gmail.com,passworD@938
username939@gmail.com,passworD@939
username940@gmail.com,passworD@940
username941@gmail.com,passworD@941
username942@gmail.com,passworD@942
username943@gmail.com,passworD@943
username944@gmail.com,passworD@944
username945@gmail.com,passworD@945
username946@gmail.com,passworD@946
username947@gmail.com,passworD@947
username948@gmail.com,passworD@948
username949@gmail.com,passworD@949
username950@gmail.com,passworD@950
username951@gmail.com,passworD@951
username952@gmail.com,passworD@952
username953@gmail.com,passworD@953
username954@gmail.com,passworD@954
username955@gmail.com,passworD@955
username956@gmail.com,passworD@956
username957@gmail.com,passworD@957
username958@gmail.com,passworD@958
username959@gmail.com,passworD@959
username960@gmail.com,passworD@960
username961@gmail.com,passworD@961
username962@gmail.com,passworD@962
username963@gmail.com,passworD@963
username964@gmail.com,passworD@964
username965@gmail.com,passworD@965
username966@gmail.com,passworD@966
username967@gmail.com,passworD@967
username968@gmail.com,passworD@968
username969@gmail.com,passworD@969
username970@gmail.com,passworD@970
username971@gmail.com,passworD@971
username972@gmail.com,passworD@972
username973@gmail.com,passworD@973
username974@gmail.com,passworD@974
username975@gmail.com,passworD@975
username976@gmail.com,passworD@976
username977@gmail.com,passworD@977
username978@gmail.com,passworD@978
username979@gmail.com,passworD@979
username980@gmail.com,passworD@980
username981@gmail.com,passworD@981
username982@gmail.com,passworD@982
username983@gmail.com,passworD@983
username984@gmail.com,passworD@984
username985@gmail.com,passworD@985
username986@gmail.com,passworD@986
username987@gmail.com,passworD@987
username988@gmail.com,passworD@988
username989@gmail.com,passworD@989
username990@gmail.com,passworD@990
username991@gmail.com,passworD@991
username992@gmail.com,passworD@992
username993@gmail.com,passworD@993
username994@gmail.com,passworD@994
username995@gmail.com,passworD@995
username996@gmail.com,passworD@996
username997@gmail.com,passworD@997
username998@gmail.com,passworD@998
username999@gmail.com,passworD@999
username1000@gmail.com,passworD@1000
